Station,Divisions,x,y,"Attempts or threats to murder, assaults, harassments and related offences",Dangerous or negligent acts,Kidnapping and related offences,"Robbery, extortion and hijacking offences",Burglary and related offences,Theft and related offences,"Fraud, deception and related offences",Controlled drug offences,Weapons and Explosives Offences,Damage to property and to the environment,Public order and other social code offences,"Offences against government, justice procedures and organisation of crime"
Abbeyfeale,Limerick Division,+52.38730039,-9.2900182,373,175,2,7,350,633,57,78,42,519,535,66
Abbeyleix,Laois/Offaly Division,+52.91273298,-7.34378663,197,278,3,6,497,874,43,131,21,385,358,26
Adare,Limerick Division,+52.56390242,-8.79206079,39,120,0,7,211,336,19,21,4,82,55,15
Aglish,Waterford Division,+52.07158955,-7.82204585,31,28,1,2,61,81,4,18,2,61,39,1
Ahascragh,Galway Division,+53.39567383,-8.33063535,31,49,0,0,55,76,6,11,6,60,55,11
Ailt an Chorrain,Donegal Division,+54.98492325,-8.43864199,68,49,0,0,41,89,4,8,4,109,132,3
An Bun Beag,Donegal Division,+55.06556516,-8.2894551,337,211,0,5,187,243,13,39,11,367,587,38
An Charraig,Donegal Division,+54.65787739,-8.63309153,49,51,0,0,43,61,6,14,6,97,91,6
An Cheathru Rua,Galway Division,+53.26451013,-9.60048665,161,111,1,1,46,104,10,10,1,150,198,20
An Clochan Liath,Donegal Division,+54.95156428,-8.36127328,214,148,0,1,84,237,48,28,12,172,501,28
An Coirean,Kerry Division,+51.83108668,-10.1741668,60,80,0,0,59,100,5,31,3,57,74,7
An Craoslach,Donegal Division,+55.12528550,-7.91254656,33,33,1,0,20,78,7,2,4,76,48,5
An Fál Carrach,Donegal Division,+55.13697922,-8.10202145,157,165,0,0,104,200,18,54,16,275,638,22
An Maim,Galway Division,+53.51072837,-9.56493302,34,42,0,2,77,172,29,28,18,55,66,0
An Rinn,Waterford Division,+52.04838283,-7.59304745,16,43,1,1,58,89,4,19,6,64,44,7
An Spideal,Galway Division,+53.24543148,-9.30562651,67,71,0,2,90,222,19,16,2,154,126,9
Anglesea Street,Cork City Division,+51.89581995,-8.46498943,2711,1521,6,489,1906,17193,983,1755,471,4186,16574,3919
Annascaul,Kerry Division,+52.15241809,-10.05253603,11,15,0,0,45,43,4,4,1,15,23,0
Aran Mor,Galway Division,+53.27207517,-8.93189429,403,482,2,27,797,1918,139,254,33,778,680,78
Ard An Rátha,Donegal Division,+54.76453309,-8.4094922,55,77,0,0,35,91,18,19,9,81,257,30
Ardee,Louth Division,+53.85491371,-6.54114623,365,254,6,26,788,1305,117,100,34,834,428,84
Ardfert,Kerry Division,+52.32348757,-9.77888988,84,129,0,4,121,189,14,70,1,74,149,22
Ardfinnan,Tipperary Division,+52.31183154,-7.87831126,46,67,0,4,104,118,9,94,13,104,66,11
Ardmore,Waterford Division,+51.95102025,-7.72821738,43,32,0,5,125,166,6,29,3,86,71,3
Ardnacrusha,Limerick Division,+52.70769139,-8.61314275,272,152,1,21,400,1220,49,181,54,821,430,63
Ardrahan,Galway Division,+53.15664553,-8.80645293,17,60,0,0,70,118,6,17,3,35,48,4
Arklow,Wicklow Division,+52.79628248,-6.15462926,933,653,8,74,1360,3179,208,1225,171,1706,2438,778
Arles,Laois/Offaly Division,+52.89097601,-7.01891853,60,56,0,7,286,348,9,35,7,163,83,7
Arva,Cavan/Monaghan Division,+53.92537770,-7.58375859,54,102,0,2,106,119,23,15,7,76,195,21
Ashbourne,Meath Division,+53.51137236,-6.39700116,644,854,5,99,1407,4224,280,597,102,1212,1604,131
Ashford,Wicklow Division,+53.01393723,-6.10726425,189,329,1,9,450,909,56,446,62,353,281,23
Askeaton,Limerick Division,+52.60063281,-8.9712075,125,69,0,3,195,353,18,49,15,165,331,48
Athea,Limerick Division,+52.45992484,-9.28747576,47,30,0,1,73,86,6,17,9,94,70,4
Athenry,Galway Division,+53.29974912,-8.7496903,227,186,0,5,327,533,53,60,17,324,455,50
Athleague,Roscommon/Longford Division,+53.56869660,-8.25236416,25,54,0,2,78,118,19,10,2,58,55,9
Athlone,Westmeath Division,+53.42325203,-7.94474011,1436,1214,11,172,2760,6499,410,1313,279,3311,4962,627
Athy,Kildare Division,+52.99020226,-6.98824286,837,570,11,156,1755,2512,166,432,128,1739,1550,228
Aughrim,Wicklow Division,+52.85602851,-6.32684194,70,32,0,5,222,245,8,59,13,104,42,6
Avoca,Wicklow Division,+52.85878901,-6.21289829,59,63,0,2,171,235,14,55,8,120,70,9
Baile Atha Bui,Meath Division,+53.62363476,-6.91586793,264,140,1,16,345,690,34,82,22,351,447,26
Baile an Fheirtéaraigh,Kerry Division,+52.16592865,-10.40619944,11,24,0,0,13,35,0,3,1,12,11,3
Baile Bhuirne,Cork West Division,+51.94577398,-9.16919921,10,62,0,1,88,109,10,18,4,42,33,0
Bailieboro,Cavan/Monaghan Division,+53.91520783,-6.96962665,415,338,0,9,241,541,77,232,30,519,957,85
Balbriggan,D.M.R. Northern Division,+53.61433362,-6.1911783,969,971,11,160,1760,4835,703,853,181,2483,2179,624
Balla,Mayo Division,+53.80186731,-9.12987496,53,67,0,2,88,196,9,15,3,123,118,6
Ballaghderreen,Roscommon/Longford Division,+53.89991925,-8.58458903,286,195,1,0,333,566,129,124,32,367,733,54
Ballina,Mayo Division,+54.11285759,-9.16043942,1171,704,1,32,771,2277,309,465,111,1998,3125,216
Ballinagh,Cavan/Monaghan Division,+53.93110703,-7.40962976,128,152,1,1,197,241,24,18,14,150,119,5
Ballinamore,Sligo/Leitrim Division,+54.05459763,-7.79696592,136,77,1,1,95,215,20,13,5,155,321,14
Ballinasloe,Galway Division,+53.32842661,-8.22363038,700,534,2,33,616,2028,241,474,134,1196,2673,494
Ballincollig,Cork City Division,+51.88823925,-8.59031359,482,568,0,35,599,2207,167,698,97,1583,2457,99
Ballindine,Mayo Division,+53.66964442,-8.95772401,29,50,0,5,60,135,20,2,8,30,58,1
Ballineen,Cork West Division,+51.73591912,-8.94887021,38,89,0,1,116,154,14,65,5,77,70,4
Ballingarry,Limerick Division,+52.47213201,-8.86284416,40,34,0,2,164,244,5,22,7,129,84,16
Ballingarry North,Tipperary Division,+53.01835303,-8.03046314,6,6,0,2,33,31,1,0,3,15,31,1
Ballingarry South,Tipperary Division,+52.58595894,-7.54096423,50,40,0,0,98,140,6,26,1,93,122,4
Ballinhassig,Cork West Division,+51.80408931,-8.5705419,105,112,1,2,143,323,28,158,12,165,90,9
Ballinlough,Roscommon/Longford Division,+53.74077796,-8.63581696,86,66,0,4,71,178,15,14,10,133,86,9
Ballinrobe,Mayo Division,+53.62460731,-9.2262203,255,178,7,9,183,496,45,68,21,336,419,16
Ballintra,Donegal Division,+54.57779920,-8.12541836,50,94,0,2,119,223,18,66,10,92,103,9
Ballivor,Meath Division,+53.53270149,-6.9671624,142,61,0,6,189,339,22,49,25,209,124,19
Ballon,Kilkenny/Carlow Division,+52.74322826,-6.77217466,55,65,0,10,322,268,17,40,6,124,50,8
Ballybay,Cavan/Monaghan Division,+54.12894066,-6.90480575,203,265,0,3,180,417,41,40,14,182,387,62
Ballybofey,Donegal Division,+54.79964372,-7.7810478,738,423,6,12,372,1015,151,138,43,795,1546,47
Ballybunion,Kerry Division,+52.51125634,-9.67024153,228,170,0,9,175,382,15,154,27,371,1514,16
Ballyconnell,Cavan/Monaghan Division,+54.11899854,-7.58019738,180,215,0,3,124,302,29,62,10,162,402,64
Ballycotton,Cork North Division,+51.83033028,-8.01309177,33,54,0,0,58,106,4,63,2,80,91,12
Ballycroy,Mayo Division,+54.02576498,-9.82585671,38,14,6,0,14,27,3,0,0,28,14,1
Ballycullane,Wexford Division,+52.27886846,-6.8392041,52,49,0,1,127,173,6,65,14,127,44,7
Ballydehob,Cork West Division,+51.55911245,-9.46078114,28,40,0,0,24,91,4,73,3,45,65,3
Ballydesmond,Cork West Division,+52.17823355,-9.23096739,20,20,0,2,45,90,7,4,0,23,19,3
Ballyduff,Kerry Division,+52.45585148,-9.66309811,73,67,1,2,81,100,7,22,7,105,186,31
Ballyfermot,D.M.R. Western Division,+53.34475578,-6.35798817,1182,1320,12,418,2565,7505,431,3555,524,5566,5898,784
Ballygar,Galway Division,+53.52186354,-8.32838974,62,32,0,0,76,127,25,6,6,46,106,1
Ballyhale,Kilkenny/Carlow Division,+52.46832992,-7.20152066,27,57,1,0,117,208,6,26,6,76,42,4
Ballyhaunis,Mayo Division,+53.76397009,-8.76740877,220,164,0,7,215,514,60,53,18,260,500,30
Ballyheigue,Kerry Division,+52.38917403,-9.82746432,93,43,0,2,75,88,13,40,9,129,305,12
Ballyjamesduff,Cavan/Monaghan Division,+53.86310695,-7.20876929,275,261,6,6,235,381,55,55,14,231,413,35
Ballylanders,Limerick Division,+52.37071015,-8.34547061,117,44,2,3,153,183,23,32,4,132,233,10
Ballylinan,Laois/Offaly Division,+52.94295168,-7.04323905,114,47,1,5,312,354,12,24,12,221,156,24
Ballymacarberry,Waterford Division,+52.26722571,-7.71770549,37,36,0,0,114,169,4,10,5,69,48,4
Ballymahon,Roscommon/Longford Division,+53.56130979,-7.7608442,190,111,1,7,396,478,27,46,15,397,370,20
Ballymore,Westmeath Division,+53.49108004,-7.68173755,21,26,0,1,99,123,5,2,6,34,31,10
Ballymote,Sligo/Leitrim Division,+54.08743023,-8.51522971,146,167,1,5,131,325,35,76,34,253,378,54
Ballymun,D.M.R. Northern Division,+53.39453369,-6.26370499,2011,1083,15,568,2090,7307,339,2662,624,5486,3930,464
Ballynacargy,Westmeath Division,+53.58631351,-7.53494651,66,60,0,4,181,201,16,15,4,119,155,6
Ballyneety,Limerick Division,+52.59726965,-8.5489251,99,63,1,8,237,497,21,39,18,229,77,23
Ballynoe,Cork North Division,+52.06020625,-8.09931108,43,45,0,2,74,108,9,15,4,60,49,4
Ballyporeen,Tipperary Division,+52.27020140,-8.09774334,42,36,1,2,60,60,9,17,3,39,115,7
Ballyshannon,Donegal Division,+54.49874656,-8.20481734,272,254,2,5,170,528,64,586,46,486,1001,141
Ballyvaughan,Clare Division,+53.11615725,-9.14711044,22,11,0,0,64,199,7,4,1,43,14,3
Baltimore,Cork West Division,+51.48348382,-9.37226138,17,12,0,0,35,94,2,10,1,68,23,2
Baltinglass,Wicklow Division,+52.93898930,-6.70977434,253,222,0,17,707,972,84,149,37,553,500,87
Banagher,Laois/Offaly Division,+53.19053334,-7.98592774,126,88,0,2,100,281,14,36,10,163,250,10
Bandon,Cork West Division,+51.74508682,-8.7398619,549,595,3,15,372,1273,182,771,77,688,2252,327
Bangor Erris,Mayo Division,+54.14397636,-9.74707911,64,63,0,1,30,97,11,16,0,57,80,1
Bansha,Tipperary Division,+52.44925212,-8.0655904,37,40,0,0,83,123,5,28,3,63,52,9
Bantry,Cork West Division,+51.68027131,-9.45523339,357,255,0,13,163,694,85,330,52,452,1265,122
Barnaderg,Galway Division,+53.48054530,-8.72246158,42,59,0,0,79,136,16,6,8,68,43,9
Barraduff,Kerry Division,+52.05976668,-9.34094103,5,45,0,0,22,36,1,7,0,16,31,0
Beal an Mhuirthead,Mayo Division,+54.22174896,-9.98558758,209,201,0,3,71,287,40,29,16,301,508,27
Beal Atha an Ghaorthaidh,Cork West Division,+51.85186418,-9.22898251,22,35,1,0,34,78,4,26,2,49,26,9
Belturbet,Cavan/Monaghan Division,+54.10116336,-7.442618,171,253,1,7,245,464,45,78,13,212,309,26
Bennettsbridge,Kilkenny/Carlow Division,+52.59030389,-7.18323679,25,75,0,2,155,189,12,33,6,83,64,8
Birr,Laois/Offaly Division,+53.09604766,-7.91151594,516,310,1,29,605,1449,112,397,85,880,1069,129
Bishopstown,Cork City Division,+51.88066770,-8.51461385,385,502,4,78,975,4650,386,496,35,1361,1655,74
Blacklion,Cavan/Monaghan Division,+54.29148162,-7.87619063,25,13,0,0,39,82,4,60,5,25,98,330
Blackrock Co Cork,Cork North Division,+51.89432680,-8.40447254,531,465,3,43,684,2905,131,636,113,1752,2154,184
Blackrock Co Dublin,D.M.R. Southern Division,+53.29975513,-6.17750609,752,669,4,233,3690,7475,639,959,141,2541,3157,191
Blackrock Co Louth,Louth Division,+53.96375295,-6.36823983,152,137,1,19,476,930,46,54,18,547,293,18
Blackwater,Wexford Division,+52.44540655,-6.34883221,69,97,3,5,293,493,31,80,15,226,115,12
Blanchardstown,D.M.R. Western Division,+53.38991904,-6.38097698,2671,3704,43,1539,7168,28972,1690,3663,1042,12288,7285,4440
Blarney,Cork City Division,+51.93196583,-8.5676546,337,365,0,19,640,1689,46,257,45,862,782,75
Blessington,Wicklow Division,+53.17026520,-6.5337397,306,336,5,25,906,2076,81,361,34,918,631,32
Boherbue,Cork West Division,+52.15897298,-9.06975461,44,59,0,2,56,132,9,31,4,58,95,7
Bonniconlon,Mayo Division,+54.10955200,-9.02895969,36,25,0,0,26,127,9,10,4,31,40,0
Borris,Kilkenny/Carlow Division,+52.60180461,-6.92930908,64,59,1,4,224,242,19,50,5,123,86,5
Borris-In-Ossory,Laois/Offaly Division,+52.93929659,-7.6288093,30,68,1,0,197,220,20,28,3,72,64,2
Borrisokane,Tipperary Division,+52.99711950,-8.12701656,44,75,0,0,152,222,19,36,5,77,171,21
Borrisoleigh,Tipperary Division,+52.75149154,-7.95537178,47,84,2,1,117,167,13,19,9,86,121,4
Bothar Na Tra,Galway Division,+53.25880584,-9.07974503,808,730,3,59,1835,2816,139,686,80,2123,2182,163
Boyle,Roscommon/Longford Division,+53.97336883,-8.30039522,225,165,1,7,296,667,78,116,16,302,499,45
Bray,Wicklow Division,+53.19867836,-6.10059722,1594,1156,5,337,4010,8898,533,2560,462,5130,6516,1503
Bridewell Cork,Cork City Division,+51.90047214,-8.47702317,1444,562,4,176,801,5972,357,1124,245,1569,6929,797
Bridewell Dublin,D.M.R. North Central Division,+53.34707654,-6.27413466,1548,1244,23,870,2803,11408,652,2965,863,6576,6667,39994
Bruff,Limerick Division,+52.47732933,-8.54697557,115,106,0,3,139,341,43,71,6,218,424,37
Bruree,Limerick Division,+52.42316623,-8.6503328,77,45,0,0,95,148,9,17,8,106,83,9
Bunclody,Wexford Division,+52.65675880,-6.66247622,237,174,1,12,658,838,51,43,26,408,342,27
Buncrana,Donegal Division,+55.13126244,-7.45069855,827,727,5,13,259,845,121,316,91,1109,2482,166
Bundoran,Donegal Division,+54.47655260,-8.27933662,357,295,0,10,161,492,37,506,25,367,1762,33
Burnfoot,Donegal Division,+55.05467021,-7.40158328,155,229,3,14,173,619,83,121,31,285,238,36
Buttevant,Cork North Division,+52.22931434,-8.67127988,112,137,0,0,140,286,24,74,16,202,267,18
Cabinteely,D.M.R. Eastern Division,+53.26078999,-6.15065892,659,505,9,221,3146,5245,242,622,123,2383,1736,187
Cabra,D.M.R. Western Division,+53.36498056,-6.30763372,839,651,6,375,1757,6579,323,1439,224,4327,2427,252
Caherciveen,Kerry Division,+51.94696251,-10.2198387,230,150,0,2,82,267,37,71,16,263,643,56
Caherconlish,Limerick Division,+52.59381859,-8.46953701,108,65,1,8,236,478,18,49,10,266,84,43
Cahir,Tipperary Division,+52.37596810,-7.92029139,332,490,4,8,391,745,72,440,109,498,1012,76
Callan,Kilkenny/Carlow Division,+52.54237309,-7.39103598,192,102,0,8,311,486,52,65,12,330,337,17
Campile,Wexford Division,+52.28778444,-6.93962139,62,48,0,1,97,150,10,42,6,88,66,4
Cappamore,Limerick Division,+52.61467285,-8.33848456,81,48,0,7,167,274,8,48,15,192,165,13
Cappawhite,Tipperary Division,+52.58315858,-8.16483899,82,130,1,3,179,318,9,91,22,163,190,6
Cappoquin,Waterford Division,+52.14589036,-7.84572129,85,67,2,5,191,226,8,41,13,176,125,16
Carbury,Kildare Division,+53.33845988,-6.93670421,125,117,1,16,442,777,15,43,36,364,116,20
Carlingford,Louth Division,+54.04122582,-6.18721502,159,79,0,12,297,721,32,23,15,553,289,25
Carlow,Kilkenny/Carlow Division,+52.84052664,-6.92932257,2059,1656,9,238,3231,7976,421,2484,245,4031,6706,770
Carna,Galway Division,+53.32356545,-9.82411971,66,45,1,0,38,95,3,4,5,109,72,5
Carndonagh,Donegal Division,+55.25350732,-7.25945634,561,292,2,4,177,396,33,125,35,638,793,74
Carnew,Wicklow Division,+52.71050738,-6.49176557,92,59,1,8,298,320,17,52,15,169,91,5
Carraig Airt,Donegal Division,+55.17512733,-7.79847989,112,83,0,0,75,144,22,12,8,184,346,9
Carrickbyrne,Wexford Division,+52.36237659,-6.75971343,82,122,0,2,255,340,14,57,14,151,104,6
Carrickmacross,Cavan/Monaghan Division,+53.97606318,-6.71877796,730,945,5,15,621,1343,154,482,57,1114,2451,250
Carrick-on-Bannow,Wexford Division,+52.23814514,-6.73401888,114,114,0,3,191,261,14,70,32,140,101,8
Carrick-On-Shannon,Sligo/Leitrim Division,+53.94434071,-8.09015263,620,595,2,7,476,1375,172,222,51,938,1983,136
Carrick-On-Suir,Tipperary Division,+52.34815439,-7.40989405,461,318,2,23,527,1103,112,604,81,761,934,125
Carrigaline,Cork City Division,+51.81483307,-8.39153675,403,436,1,12,460,1423,135,630,41,861,1489,69
Carrigallen,Sligo/Leitrim Division,+53.97559427,-7.64670249,25,35,0,1,66,89,7,5,12,49,66,8
Carrigans,Donegal Division,+54.95118529,-7.42675284,125,60,2,20,229,293,12,22,9,296,93,22
Carrigtwohill,Cork North Division,+51.90946930,-8.26181229,167,268,3,5,163,525,42,140,11,239,317,46
Cashel,Tipperary Division,+52.51633770,-7.8902971,355,386,6,22,438,885,60,416,100,534,711,138
Castlebar,Mayo Division,+53.85343297,-9.2976217,1149,798,5,44,952,3737,324,598,92,2096,3682,258
Castlebellingham,Louth Division,+53.89926256,-6.38994046,126,141,4,13,562,1028,28,37,21,484,147,15
Castleblayney,Cavan/Monaghan Division,+54.11785995,-6.73503685,656,944,8,24,467,1183,148,312,75,1060,2340,153
Castlebridge,Wexford Division,+52.38470816,-6.45256117,85,102,0,4,246,505,26,59,11,216,111,29
Castlecomer,Kilkenny/Carlow Division,+52.79926748,-7.20954236,258,199,0,18,579,753,45,182,24,409,529,50
Castleconnell,Limerick Division,+52.71340457,-8.49847433,137,178,2,18,525,1236,66,135,37,580,258,47
Castledermot,Kildare Division,+52.90922171,-6.84917741,117,126,1,26,485,541,14,42,11,264,64,13
Castlefin,Donegal Division,+54.80269558,-7.5952271,147,76,1,16,158,259,14,26,13,233,169,11
Castlegregory,Kerry Division,+52.25416689,-10.02061667,54,66,0,0,60,158,6,6,4,83,98,8
Castleisland,Kerry Division,+52.23037453,-9.46280058,291,199,0,10,188,533,51,115,73,335,689,57
Castlemaine,Kerry Division,+52.17023276,-9.7005905,51,86,0,1,61,126,12,20,10,68,90,14
Castlepollard,Westmeath Division,+53.67848276,-7.29663265,128,87,1,7,334,505,22,89,12,260,201,39
Castlerea,Roscommon/Longford Division,+53.76663397,-8.48406175,566,181,5,5,260,640,66,322,48,335,601,193
Castletownbere,Cork West Division,+51.64948076,-9.91468044,124,76,0,0,66,281,19,38,10,240,151,16
Castletownroche,Cork North Division,+52.17073066,-8.46795122,56,67,2,0,116,203,21,88,3,128,67,9
Cavan,Cavan/Monaghan Division,+53.99333367,-7.36087396,1632,1424,11,54,1101,3457,490,745,153,1698,4746,416
Celbridge,Kildare Division,+53.34399859,-6.54173228,460,359,5,99,1700,3818,179,526,67,1630,1016,105
Charlestown,Mayo Division,+53.96274373,-8.79351104,179,129,1,1,177,485,29,41,22,236,366,32
Charleville,Cork North Division,+52.35605252,-8.68256192,312,341,2,14,324,995,84,192,49,407,889,56
Cill Ronain,Galway Division,+53.12130730,-9.66781978,44,14,1,0,11,43,2,6,1,38,72,3
Clane,Kildare Division,+53.29365569,-6.68589487,416,401,3,96,1209,2002,117,338,57,942,499,48
Clara,Laois/Offaly Division,+53.34541446,-7.61410322,193,142,0,13,337,609,61,136,63,565,486,29
Claremorris,Mayo Division,+53.72361246,-8.98506451,394,342,4,15,234,974,109,158,56,548,923,42
Clifden,Galway Division,+53.48818064,-10.00924276,223,221,1,4,115,441,41,101,35,383,876,71
Cloch na Ron,Galway Division,+53.39357523,-9.92110362,21,18,0,1,10,31,0,8,0,44,50,2
Cloghan,Laois/Offaly Division,+53.22484831,-7.87751752,91,73,0,2,100,196,10,20,15,119,153,12
Clogheen,Tipperary Division,+52.27690063,-7.99533462,42,33,0,1,67,125,5,53,17,78,79,9
Clogher,Donegal Division,+54.83677449,-8.42749674,21,40,0,0,22,52,3,21,2,33,147,4
Clogherhead,Louth Division,+53.79041240,-6.24266853,103,43,4,6,286,619,5,65,13,310,92,21
Clonakilty,Cork West Division,+51.62494883,-8.88890895,446,303,2,4,234,908,92,347,36,637,1919,148
Clonark,Roscommon/Longford Division,+53.36839815,-8.03466103,29,74,0,5,140,234,8,5,2,96,63,16
Clonaslee,Laois/Offaly Division,+53.14861715,-7.52604694,37,35,0,1,98,123,5,11,7,119,48,6
Clonbologue,Laois/Offaly Division,+53.25914161,-7.08576437,41,14,0,3,131,154,5,16,3,86,27,8
Clondalkin,D.M.R. Western Division,+53.32314443,-6.39495858,1419,1614,16,651,3951,12528,787,2685,625,6789,4255,895
Clones,Cavan/Monaghan Division,+54.17749252,-7.22815212,365,309,0,4,124,428,52,54,24,323,386,41
Clonmany,Donegal Division,+55.26301007,-7.41281291,165,80,0,0,36,100,11,12,11,222,236,14
Clonmel,Tipperary Division,+52.35409105,-7.69993718,1165,1108,13,101,1370,3794,232,1943,368,2232,4101,409
Clonroche,Wexford Division,+52.45037577,-6.71586619,81,60,1,1,238,347,31,50,9,172,72,14
Clontarf,D.M.R. Northern Division,+53.36354575,-6.22015264,949,919,4,614,3866,9441,473,1018,237,4393,2810,271
Cloughjordan,Tipperary Division,+52.94196424,-8.03972118,16,9,0,1,60,80,1,19,4,52,97,1
Cloyne,Cork North Division,+51.86276430,-8.12349471,32,81,0,2,87,157,2,71,4,84,104,10
Coachford,Cork West Division,+51.90913393,-8.79113088,85,103,0,1,96,173,11,102,8,76,106,10
Cobh,Cork North Division,+51.84823780,-8.30364126,749,446,14,17,247,1236,108,556,54,1264,3293,155
Collon,Louth Division,+53.77785101,-6.48490178,47,44,2,3,194,323,11,12,3,124,44,5
Collooney,Sligo/Leitrim Division,+54.18547788,-8.48786473,125,196,1,7,181,364,45,83,14,281,225,34
Cong,Mayo Division,+53.54147122,-9.2865393,40,48,0,0,48,164,3,16,2,83,56,2
Convoy,Donegal Division,+54.85932273,-7.66899789,270,137,3,6,187,336,30,59,21,357,248,18
Coolaney,Sligo/Leitrim Division,+54.17236863,-8.60338152,40,26,0,1,37,94,5,29,3,76,47,10
Coolock,D.M.R. Northern Division,+53.39033544,-6.20110091,1597,1725,17,804,3630,11911,531,5861,950,7193,5484,1267
Cootehill,Cavan/Monaghan Division,+54.07470463,-7.07869818,414,274,1,9,357,575,83,129,43,418,1132,73
Corofin,Clare Division,+52.94748750,-9.06857099,47,49,0,1,104,132,5,42,2,74,59,15
Corofin,Galway Division,+53.43762553,-8.86307321,40,80,0,0,79,139,8,16,6,76,36,4
Courtown Harbour,Wexford Division,+52.64425497,-6.23052497,217,259,1,25,824,978,12,164,34,508,383,34
Craughwell,Galway Division,+53.22942919,-8.73392187,56,148,0,3,220,371,28,30,4,110,87,11
Creggs,Galway Division,+53.59486094,-8.36379707,11,19,1,1,25,23,1,1,0,12,10,0
Crookstown,Cork West Division,+51.85865510,-8.80126241,128,112,1,0,134,299,20,100,12,121,96,9
Croom,Limerick Division,+52.52199887,-8.71879388,99,66,2,5,187,447,22,49,17,230,194,22
Crosshaven,Cork City Division,+51.80397324,-8.30444566,120,87,0,4,112,376,25,160,10,230,316,23
Crossmolina,Mayo Division,+54.09980957,-9.32269546,101,125,0,1,110,211,20,21,9,135,248,18
Crumlin,D.M.R. Southern Division,+53.31957045,-6.31501462,870,763,16,378,3306,6493,438,1280,296,4826,2455,295
Crusheen,Clare Division,+52.93847680,-8.89863913,23,43,0,1,62,105,10,16,6,48,30,2
Daingean,Laois/Offaly Division,+53.29295546,-7.29356776,127,79,0,6,205,291,24,40,19,150,263,25
Delvin,Westmeath Division,+53.61445750,-7.09008438,94,143,1,8,271,409,16,306,8,204,200,17
Dingle,Kerry Division,+52.13924504,-10.27049495,218,252,0,4,91,209,20,109,13,181,959,16
Dolla,Tipperary Division,+52.79713688,-8.19210854,7,25,0,0,61,65,3,15,1,26,56,1
Donegal Town,Donegal Division,+54.65242685,-8.11105315,402,310,1,4,197,626,121,253,26,378,1642,84
Doneraile,Cork North Division,+52.21570692,-8.58541124,68,58,0,0,112,263,13,65,9,150,148,7
Donnybrook,D.M.R. South Central Division,+53.32173338,-6.23591178,703,1030,10,306,3913,9841,651,688,204,2791,3640,201
Douglas,Cork City Division,+51.87509001,-8.43095864,602,750,6,61,993,3040,149,795,73,1641,1979,151
Dowra,Cavan/Monaghan Division,+54.19042475,-8.01525362,22,9,0,0,23,42,2,0,2,20,72,3
Drimoleague,Cork West Division,+51.65902646,-9.26397963,49,51,0,0,69,136,8,80,3,78,92,7
Drinagh,Cork West Division,+51.64771411,-9.15452616,20,6,0,1,23,35,9,14,2,29,11,9
Drogheda,Louth Division,+53.71505965,-6.35664945,2046,1996,18,312,4635,9399,716,2091,400,5513,6919,988
Drumad,Louth Division,+54.09568025,-6.36082585,111,95,0,17,272,731,43,33,55,412,178,21
Drumcollogher,Limerick Division,+52.33821773,-8.91126334,71,40,0,3,213,229,23,20,10,122,96,9
Drumlish,Roscommon/Longford Division,+53.82169951,-7.76593609,93,77,0,0,97,160,19,16,2,106,155,25
Drumshambo,Sligo/Leitrim Division,+54.04650706,-8.03997937,126,90,1,4,151,294,25,10,26,223,501,13
Dublin Airport,D.M.R. Northern Division,+53.42988813,-6.24548699,140,271,61,8,52,2500,1392,443,170,328,1057,114
Duleek,Meath Division,+53.65386876,-6.418067,178,133,1,28,736,1093,55,62,25,581,216,26
Dun Fionnachaid,Donegal Division,+55.18291803,-7.97443963,57,59,3,1,96,131,6,5,10,151,222,3
Dun Laoghaire,D.M.R. Eastern Division,+53.28991481,-6.13335349,1441,802,10,374,5117,11182,716,1924,264,5214,7830,2467
Dunboyne,Meath Division,+53.42108978,-6.47714899,437,352,1,98,968,2349,137,186,49,803,524,31
Duncannon,Wexford Division,+52.22139845,-6.92977466,117,72,0,4,297,412,20,84,8,198,99,26
Dundalk,Louth Division,+53.99950327,-6.40966521,2484,2347,20,441,4314,11469,999,1468,545,7941,7339,1023
Dundrum,D.M.R. Eastern Division,+53.28954423,-6.24257781,1143,1062,10,413,6354,15470,964,2486,222,5475,3893,402
Dungarvan,Waterford Division,+52.08768833,-7.62447916,1001,843,9,45,1030,2885,189,982,183,1895,3340,227
Dunlavin,Wicklow Division,+53.05877828,-6.70106604,76,57,2,6,317,328,10,26,6,175,209,9
Dunleer,Louth Division,+53.82852056,-6.39456991,198,136,2,9,328,639,50,53,18,392,258,24
Dunmanway,Cork West Division,+51.72283143,-9.11014262,212,145,1,10,149,452,41,172,32,376,708,35
Dunmore East,Waterford Division,+52.14838576,-6.9928692,92,108,0,4,211,367,5,70,4,236,237,8
Dunmore,Galway Division,+53.61755291,-8.74063436,82,51,0,1,77,203,10,16,3,87,181,10
Dunshaughlin,Meath Division,+53.51076157,-6.53931168,293,298,0,36,763,1441,83,89,21,486,400,173
Durrow,Laois/Offaly Division,+52.84425999,-7.39609602,63,90,2,6,188,278,15,55,7,109,191,6
Durrus,Cork West Division,+51.62054425,-9.52396119,27,22,0,0,32,73,3,25,0,47,31,4
Edenderry,Laois/Offaly Division,+53.33683306,-7.06081941,469,301,3,34,820,1218,106,282,75,845,872,100
Edgeworthstown,Roscommon/Longford Division,+53.69557901,-7.60598459,289,194,6,24,496,703,51,140,52,467,414,43
Elphin,Roscommon/Longford Division,+53.84581690,-8.19247879,44,38,0,3,75,100,14,25,2,60,74,6
Emly,Tipperary Division,+52.46513177,-8.35418357,52,24,0,2,47,63,5,17,5,75,55,9
Emyvale,Cavan/Monaghan Division,+54.33935959,-6.95759629,140,152,0,2,149,496,39,40,11,178,153,28
Enfield,Meath Division,+53.41510635,-6.83386034,142,189,1,22,386,814,57,43,19,297,237,10
Ennis,Clare Division,+52.84692048,-8.98111378,1591,1676,10,146,1927,6433,528,2070,367,3187,6906,1419
Enniscorthy,Wexford Division,+52.50073571,-6.57068791,906,851,1,47,1391,2970,317,755,94,1961,2634,271
Enniscrone,Sligo/Leitrim Division,+54.21384801,-9.08851015,135,151,0,3,194,294,32,50,6,202,249,18
Enniskerry,Wicklow Division,+53.19134643,-6.16952592,70,51,0,20,397,998,15,98,17,481,109,14
Ennistymon,Clare Division,+52.93739700,-9.28854215,287,289,0,3,298,813,33,120,26,597,1160,70
Eyrecourt,Galway Division,+53.19942829,-8.13237103,35,23,1,0,84,128,5,6,9,77,33,10
Farranfore,Kerry Division,+52.17139505,-9.54968017,52,108,0,1,96,126,12,69,4,62,57,9
Ferbane,Laois/Offaly Division,+53.27075448,-7.82762507,108,104,2,0,210,364,25,30,14,186,200,19
Fermoy,Cork North Division,+52.13851992,-8.2741651,435,595,2,11,309,1140,180,819,74,875,2174,263
Ferns,Wexford Division,+52.59099590,-6.49776234,93,86,3,5,319,457,24,38,7,222,181,15
Ferrybank,Waterford Division,+52.26746595,-7.10111829,285,290,4,23,491,766,48,257,39,502,428,88
Fethard,Tipperary Division,+52.46639826,-7.69442163,148,124,2,5,301,306,18,109,33,293,239,15
Finglas,D.M.R. Western Division,+53.38961695,-6.30676131,1635,1406,20,1113,3322,12599,648,4395,1014,7899,5538,684
Fitzgibbon Street,D.M.R. North Central Division,+53.35773962,-6.25536324,1627,911,16,1097,3240,11613,599,2329,729,5202,4721,423
Foxford,Mayo Division,+53.98328879,-9.10840627,102,117,0,0,145,297,20,65,8,162,181,9
Foynes,Limerick Division,+52.60972942,-9.10367352,125,84,2,4,176,310,18,30,6,179,140,27
Frenchpark,Roscommon/Longford Division,+53.86923868,-8.40560392,76,56,0,4,116,258,11,40,7,107,138,4
Freshford,Kilkenny/Carlow Division,+52.73243917,-7.39441561,37,41,0,1,117,116,5,17,7,30,54,2
Gaillimh,Galway Division,+53.27134116,-9.05827834,3841,2945,25,413,5137,19122,1450,3444,448,7846,19298,2262
Garristown,D.M.R. Northern Division,+53.56705134,-6.38390626,41,50,0,9,238,412,9,29,7,92,48,9
Glanmire,Cork City Division,+51.91835759,-8.39684006,357,394,1,22,410,1656,146,420,72,900,1015,80
Glantaine,Cork North Division,+52.10469368,-8.74875837,48,70,0,0,77,144,5,30,2,71,90,4
Glasson,Westmeath,+53.47172274,-7.86352407,36,50,0,1,137,274,10,11,2,60,31,3
Gleann na Muaidhe,Mayo Division,+54.24083544,-9.67876405,61,23,0,0,22,42,3,3,2,92,201,3
Glenamaddy,Galway Division,+53.60744575,-8.5601798,65,40,0,1,44,94,13,4,4,48,70,10
Glenbeigh,Kerry Division,+52.05711965,-9.93705917,42,35,0,0,36,35,5,14,0,22,72,1
Glengarriff,Cork West Division,+51.75055993,-9.55070448,27,32,0,2,30,132,5,22,2,84,42,15
Glenmore,Kilkenny/Carlow Division,+52.35384352,-7.02800947,26,44,0,1,141,162,4,28,7,71,35,2
Glin,Limerick Division,+52.56958754,-9.2845049,36,22,1,5,93,137,11,21,3,90,59,26
Glynn,Wexford Division,+52.37277228,-6.58288416,41,54,0,0,130,110,13,41,3,72,28,9
Gob an Choire,Mayo Division,+53.93373003,-9.91848455,59,49,0,0,21,64,7,8,2,70,51,1
Golden,Tipperary Division,+52.49677075,-7.98469533,27,42,0,1,80,104,4,29,1,36,28,2
Goresbridge,Kilkenny/Carlow Division,+52.63003578,-6.99443065,36,82,0,8,245,358,11,77,6,168,113,9
Gorey,Wexford Division,+52.67504318,-6.29726342,624,919,6,38,1368,2631,185,517,113,1138,2286,407
Gort,Galway Division,+53.06743735,-8.81818235,213,420,1,6,244,745,80,276,26,346,811,103
Graiguenamanagh,Kilkenny/Carlow Division,+52.54246904,-6.95676887,82,117,0,6,240,361,17,60,12,196,242,10
Granard,Roscommon/Longford Division,+53.77855306,-7.49421728,221,200,0,12,410,595,59,96,26,404,448,61
Grange,Sligo/Leitrim Division,+54.39336705,-8.52074509,57,98,0,2,178,348,23,34,5,181,83,19
Greystones,Wicklow Division,+53.14796575,-6.06316568,579,381,4,92,2098,3933,201,429,106,2161,1777,115
Gurranabraher,Cork City Division,+51.90343796,-8.49658172,1412,855,7,135,1137,3559,180,2203,471,5024,4489,544
Gurteen,Sligo/Leitrim Division,+53.99296911,-8.51583244,68,44,0,2,62,181,11,31,1,99,75,10
Hackballscross,Louth Division,+54.03163859,-6.52415734,21,70,0,9,168,272,12,9,6,140,53,30
Hacketstown,Kilkenny/Carlow Division,+52.86434263,-6.55698265,52,28,1,13,143,164,12,41,7,95,69,8
Headford,Galway Division,+53.47031545,-9.09831209,98,84,0,1,148,269,22,26,1,104,90,12
Henry Street,Limerick Division,+52.66166638,-8.63160831,2876,2425,30,627,4207,21351,955,3769,917,7741,13689,2848
Holycross,Tipperary Division,+52.64257563,-7.87290415,30,70,0,2,125,121,6,38,5,67,122,16
Hospital Co Limerick,Limerick Division,+52.47523300,-8.43245398,103,59,0,5,139,269,18,63,10,161,185,16
Howth,D.M.R. Northern Division,+53.38729130,-6.06899719,388,431,5,198,1906,4205,186,515,125,2033,1565,135
Indreabhan,Galway Division,+53.24058634,-9.42956464,78,94,0,0,48,95,13,6,6,83,85,8
Innishannon,Cork West Division,+51.76442557,-8.65544291,32,111,0,0,66,129,9,126,9,63,68,4
Irishtown,D.M.R. South Central Division,+53.33824315,-6.22333901,436,423,17,217,3327,7615,373,635,143,2757,2267,195
Kanturk,Cork West Division,+52.17586793,-8.91257687,270,304,0,6,276,688,83,181,32,420,829,66
Keadue,Roscommon/Longford Division,+54.05064919,-8.13729853,36,18,0,1,42,100,4,67,0,34,26,8
Kealkil,Cork West Division,+51.75504418,-9.37531716,13,28,0,0,20,56,4,74,2,46,33,7
Keel,Mayo Division,+53.97537421,-10.08224714,40,31,0,0,16,64,3,1,2,44,62,0
Kells Ceanannus Mor,Meath Division,+53.72840438,-6.88121856,650,546,2,24,767,1843,184,316,69,992,1294,179
Kenagh,Roscommon/Longford Division,+53.62195359,-7.8151021,43,40,0,2,111,159,8,11,4,96,23,5
Kenmare,Kerry Division,+51.87849822,-9.58161839,167,213,1,1,191,450,48,89,18,232,805,42
Kerrykeel,Donegal Division,+55.13713768,-7.66632162,83,84,0,0,84,135,13,9,11,206,165,10
Kevin Street,D.M.R. South Central Division,+53.33897756,-6.2702429,2087,1357,19,1265,4626,13716,851,4151,831,6197,8053,736
Kilbeggan,Westmeath Division,+53.36854604,-7.49918092,105,108,0,10,346,575,29,21,5,194,113,14
Kilbrittain,Cork West Division,+51.67353350,-8.69011072,15,20,0,0,31,94,11,26,8,40,37,3
Kilcock,Kildare Division,+53.40384230,-6.67250116,295,176,0,42,830,1559,90,111,33,637,434,182
Kilconnell,Galway Division,+53.33137501,-8.40165899,40,24,0,0,33,63,4,7,1,32,396,4
Kilcormac,Laois/Offaly Division,+53.17618096,-7.72883654,83,51,0,1,129,222,10,22,11,201,120,13
Kilcullen,Kildare Division,+53.12914134,-6.74657293,242,236,1,32,959,1182,72,160,20,519,393,39
Kildare,Kildare Division,+53.15603798,-6.9072699,578,492,3,67,870,2079,218,377,73,1151,1698,127
Kildorrery,Cork North Division,+52.24543959,-8.42961702,45,62,0,0,115,188,12,46,7,110,72,3
Kildysart,Clare Division,+52.67460072,-9.10583965,32,27,0,0,46,75,7,11,0,38,31,8
Kilkee,Clare Division,+52.68240480,-9.6447191,287,217,0,7,291,479,43,248,35,534,1044,49
Kilkelly,Mayo Division,+53.87335892,-8.84344939,60,49,0,1,75,156,6,14,8,76,103,6
Kilkenny,Kilkenny/Carlow Division,+52.65244366,-7.25972851,2444,1849,7,119,3221,8942,648,2726,274,3187,10549,820
Kill Co Waterford,Waterford Division,+52.17732312,-7.33510427,63,34,0,1,104,204,5,37,3,121,96,5
Killala,Mayo Division,+54.21410179,-9.22051272,70,84,1,0,75,213,15,25,7,153,113,4
Killaloe,Clare Division,+52.80666265,-8.44366679,284,342,3,6,452,1113,57,306,52,520,672,154
Killarney,Kerry Division,+52.06240084,-9.51238217,1139,1307,6,40,894,3386,266,1233,147,1349,6394,446
Killeagh,Cork North Division,+51.93975887,-7.9949624,87,161,0,1,177,338,29,76,41,163,200,22
Killenaule,Tipperary Division,+52.56852336,-7.67282939,93,99,0,3,249,386,12,89,22,187,271,21
Killeshandra,Cavan/Monaghan Division,+54.01175242,-7.52593961,52,43,1,1,71,99,15,10,2,58,61,5
Killimor,Galway Division,+53.16588469,-8.29419495,41,63,1,2,115,130,4,19,3,56,66,6
Killorglin,Kerry Division,+52.10649611,-9.78714476,304,205,3,6,146,345,36,127,41,218,746,66
Killucan,Westmeath Division,+53.51471392,-7.13966403,83,75,1,7,184,309,36,33,9,181,114,30
Kilmacow,Kilkenny/Carlow Division,+52.31456492,-7.17484608,37,60,0,2,112,124,7,38,5,57,65,4
Kilmacrennan,Donegal Division,+55.02949685,-7.77851011,153,166,1,3,71,203,11,24,15,141,184,12
Kilmacthomas,Waterford Division,+52.20619401,-7.42132791,91,85,1,3,180,274,7,69,24,186,218,13
Kilmaine,Mayo Division,+53.58260070,-9.12379365,20,36,0,0,34,59,6,2,0,35,45,1
Kilmainham,D.M.R. South Central Division,+53.34186549,-6.30427037,1778,1359,22,804,3558,10493,536,1933,623,6387,6233,2775
Kilmallock,Limerick Division,+52.39838143,-8.57576343,341,138,1,3,342,621,78,112,41,413,791,110
Kilmeaden,Waterford Division,+52.24624969,-7.2450434,24,93,0,7,164,235,14,54,12,81,63,7
Kilmoganny,Kilkenny/Carlow Division,+52.46091886,-7.32928155,20,16,0,1,95,78,1,10,6,56,16,7
Kilmore Quay,Wexford Division,+52.17866662,-6.58372542,131,111,1,2,310,404,11,106,14,291,87,34
Kilnaleck,Cavan/Monaghan Division,+53.85846750,-7.31791683,145,200,1,3,234,359,24,23,6,153,134,24
Kilrickle,Galway Division,+53.23021801,-8.45244815,25,66,0,0,67,163,17,8,2,62,65,4
Kilrush,Clare Division,+52.64106586,-9.48107256,406,219,4,17,352,770,68,291,119,997,1021,182
Kilsheelan,Tipperary Division,+52.36152504,-7.57979973,28,35,0,0,82,94,5,34,2,32,70,5
Kiltimagh,Mayo Division,+53.84605363,-9.00576085,114,59,0,1,120,311,22,45,19,268,221,24
Kiltormer,Galway Division,+53.23757811,-8.27133719,11,25,0,0,38,60,0,1,2,25,29,0
Kilworth,Cork North Division,+52.17625615,-8.24956145,28,61,0,0,77,108,11,56,3,73,71,15
Kingscourt,Cavan/Monaghan Division,+53.90431021,-6.8067595,260,196,1,7,182,398,48,120,14,225,344,42
Kinlough,Sligo/Leitrim Division,+54.44577573,-8.28695797,88,51,2,2,94,248,10,39,6,155,140,19
Kinnegad,Westmeath Division,+53.45592300,-7.10281229,204,219,0,22,423,765,53,78,12,452,439,40
Kinnitty,Laois/Offaly Division,+53.09841546,-7.72214571,25,19,0,2,108,149,3,18,3,61,59,3
Kinsale,Cork West Division,+51.70631782,-8.52547987,702,396,4,5,346,1278,92,594,49,1029,1975,87
Kinvara,Galway Division,+53.14047425,-8.93972872,32,67,0,0,50,120,13,53,5,70,116,5
Knock,Mayo Division,+53.79536731,-8.9188379,37,65,0,1,84,209,10,13,5,89,58,4
Knocknagoshel,Kerry Division,+52.33066363,-9.38530611,88,67,3,0,93,98,6,18,7,109,429,35
Lanesboro,Roscommon/Longford Division,+53.67100790,-7.98528025,75,62,1,3,154,318,32,23,4,154,165,1
Laytown,Meath Division,+53.68919940,-6.24399726,525,515,5,81,1459,3439,124,392,64,1566,815,36
Leach Seoirse,Galway Division,+53.35705462,-8.93129855,192,280,1,7,510,698,71,75,10,268,197,26
Leamybrien,Waterford Division,+52.16933013,-7.52163024,55,56,0,3,164,281,6,32,10,114,62,6
Leitir Mor,Galway Division,+53.29429986,-9.65508393,73,33,0,0,30,53,1,0,5,47,41,12
Leixlip,Kildare Division,+53.36737943,-6.49825143,483,297,3,132,1106,2343,148,262,55,1591,2111,108
Letterfrack,Galway Division,+53.55420630,-9.94767533,44,81,0,0,54,120,15,24,4,91,77,5
Letterkenny,Donegal Division,+54.95469572,-7.73642147,2838,1772,6,83,1402,6014,574,1165,213,4067,8841,682
Lifford,Donegal Division,+54.83282604,-7.48026853,206,98,3,13,165,296,78,37,13,436,228,31
Liscarroll,Cork North Division,+52.25956434,-8.80626853,35,25,0,1,74,125,0,15,4,55,29,1
Lisdoonvarna,Clare Division,+53.02862143,-9.28966445,86,81,0,0,78,240,7,16,1,129,231,9
Lismore,Waterford Division,+52.13667244,-7.93551376,97,66,0,2,198,232,26,38,14,162,190,20
Lissycasey,Clare Division,+52.74605620,-9.15441233,62,80,0,1,71,136,17,33,7,100,68,6
Listowel,Kerry Division,+52.44713592,-9.48391384,564,542,0,20,422,1019,75,557,109,700,3407,333
Littleton,Tipperary Division,+52.64070258,-7.73492437,46,62,0,2,135,266,12,54,16,149,119,20
Lixnaw,Kerry Division,+52.40407260,-9.61664103,64,74,0,0,75,113,9,50,12,91,101,13
Longford,Roscommon/Longford Division,+53.73251290,-7.80137334,1091,973,7,84,1486,3683,385,955,201,1944,2873,451
Longwood,Meath Division,+53.45457124,-6.92695512,69,40,0,8,200,332,6,24,7,158,74,12
Lorrha,Tipperary Division,+53.09365534,-8.12207582,24,19,1,2,62,96,4,2,3,40,108,1
Loughrea,Galway Division,+53.19737626,-8.56994951,533,488,1,9,438,1235,185,206,43,746,1828,184
Louisburgh,Mayo Division,+53.76460740,-9.80759064,48,50,1,0,69,137,8,20,5,134,37,3
Louth,Louth Division,+53.95239797,-6.53791121,69,58,1,6,196,306,13,9,6,187,76,19
Lucan,D.M.R. Western Division,+53.35605095,-6.45067695,847,1239,22,277,2585,8740,548,1022,196,3704,2574,337
Lusk,D.M.R. Northern Division,+53.52342781,-6.16733971,423,604,2,79,1032,3176,99,269,63,1047,745,113
Macroom,Cork West Division,+51.90627258,-8.96399125,321,408,0,13,276,831,155,395,39,491,1361,101
Maigh Cuilinn,Galway Division,+53.33831072,-9.18116654,46,72,0,2,135,212,13,35,4,113,71,9
Malahide,D.M.R. Northern Division,+53.45115801,-6.15195311,650,426,5,180,2427,5491,298,729,101,3062,2353,117
Mallow,Cork North Division,+52.13876909,-8.64593587,896,918,4,28,573,2245,224,1105,143,1214,3419,369
Manorhamilton,Sligo/Leitrim Division,+54.30435970,-8.17850775,173,157,0,2,192,567,54,62,36,288,479,44
Mayfield,Cork City Division,+51.90968921,-8.42895009,558,580,4,86,536,2234,106,705,118,2203,1919,169
Maynooth,Kildare Division,+53.38081427,-6.59269719,591,497,2,130,1618,4007,209,184,31,1515,1476,52
Mayorstone Park,Limerick Division,+52.67373557,-8.64482122,1629,1147,14,316,2404,7601,292,2278,875,6968,5054,1660
Midleton,Cork North Division,+51.91667832,-8.1735208,457,903,3,13,560,1944,214,987,62,1101,2043,297
Milford Co Cork,Cork North Division,+52.34246534,-8.85640083,32,35,2,2,59,100,2,12,4,54,47,4
Milford,Donegal Division,+55.08698228,-7.69816964,203,102,2,3,54,205,22,28,9,177,596,21
Millstreet Co. Cork,Cork West Division,+52.06007088,-9.0615297,155,104,0,1,114,347,28,347,9,209,339,16
Milltown,Galway Division,+53.61160148,-8.89745394,14,55,1,0,42,112,14,5,2,30,22,5
Miltown Malbay,Clare Division,+52.85745347,-9.40059569,126,97,1,1,138,339,13,88,9,269,257,37
Mitchelstown,Cork North Division,+52.26358765,-8.27057086,242,290,1,5,327,780,118,766,34,492,891,72
Moate,Westmeath Division,+53.39573586,-7.73452155,129,178,0,12,330,471,42,58,19,283,249,14
Mohill,Sligo/Leitrim Division,+53.92083474,-7.86807112,175,186,3,3,289,463,35,40,22,339,655,30
Monaghan,Cavan/Monaghan Division,+54.25136553,-6.96751983,1457,1706,4,17,559,2658,352,706,89,1749,3855,519
Monasterevin,Kildare Division,+53.13819654,-7.05471443,262,136,1,37,526,1077,59,131,24,483,287,20
Moneygall,Tipperary Division,+52.88129048,-7.95344086,16,52,0,1,76,80,2,7,1,28,48,2
Monivea,Galway Division,+53.37398548,-8.70232747,40,27,2,0,54,57,2,6,0,21,82,5
Mooncoin,Kilkenny/Carlow Division,+52.29197363,-7.25158259,62,68,0,4,132,208,12,40,8,127,120,14
Mountbellew,Galway Division,+53.47116054,-8.50010647,87,109,0,1,153,262,43,15,8,99,280,15
Mountcharles,Donegal Division,+54.64588823,-8.19567164,29,69,0,0,53,86,6,13,5,64,168,5
Mountjoy,D.M.R. North Central Division,+53.36048561,-6.26681775,1857,926,15,829,3763,11322,826,2124,517,5133,4864,1533
Mountmellick,Laois/Offaly Division,+53.11877966,-7.33514085,364,168,3,22,503,946,64,219,76,703,532,58
Mountrath,Laois/Offaly Division,+52.99815195,-7.47807086,209,150,2,17,520,599,39,57,18,363,184,31
Moville,Donegal Division,+55.19163155,-7.02857084,230,122,2,2,172,300,51,74,29,327,292,21
Moylough,Galway Division,+53.48769075,-8.56702281,27,39,0,0,56,98,18,3,1,22,30,7
Moyne,Tipperary Division,+52.73427035,-7.71410561,14,14,0,1,64,95,2,18,6,27,16,2
Muff,Donegal Division,+55.06858607,-7.26876362,115,131,2,17,160,348,55,29,14,198,174,4
Muine Bheag,Kilkenny/Carlow Division,+52.70130089,-6.95736401,343,178,1,12,697,957,60,134,39,770,618,26
Mullagh,Cavan/Monaghan Division,+53.81114218,-6.94318618,102,99,1,8,116,266,15,19,5,89,86,17
Mullinahone,Tipperary Division,+52.51015203,-7.50558182,37,30,0,3,116,105,7,42,6,51,116,2
Mullinavat,Kilkenny/Carlow Division,+52.36638150,-7.17214879,31,49,0,2,101,187,9,37,6,69,40,25
Mullingar,Westmeath Division,+53.52569784,-7.34595636,1561,1825,13,140,1910,6031,517,1517,249,3786,6090,1179
Multyfarnham,Westmeath Division,+53.62422726,-7.39232752,31,50,0,2,146,265,6,26,3,91,51,2
Murroe,Limerick Division,+52.64968265,-8.39918481,52,32,0,2,121,330,15,42,12,156,82,32
Myshall,Kilkenny/Carlow Division,+52.68752309,-6.77844087,40,34,0,4,92,130,5,16,4,57,26,9
Na Cealla Beaga,Donegal Division,+54.63659931,-8.44439945,175,114,0,2,100,203,52,131,19,148,661,15
Na Gleannta,Donegal Division,+54.79554791,-8.28098241,158,90,0,0,43,130,15,37,17,126,1249,33
Naas,Kildare Division,+53.21072052,-6.66601245,1375,1837,11,195,3418,8813,677,4360,209,3615,4418,1207
Navan,Meath Division,+53.65451708,-6.690423,1094,1546,9,200,2517,7158,370,1049,260,2918,3590,1007
Nenagh,Tipperary Division,+52.86427531,-8.19957615,606,911,5,23,757,2033,162,874,129,858,2099,260
New Ross,Wexford Division,+52.38756671,-6.95080389,709,621,3,29,1081,1890,175,539,89,1303,1907,162
Newbridge,Kildare Division,+53.18143213,-6.79553175,1194,915,9,184,2380,4654,291,1085,152,2050,2631,165
Newcastle West,Limerick Division,+52.45374851,-9.06239228,605,475,4,29,613,1761,140,268,90,1094,1463,295
Newmarket,Cork West Division,+52.21457529,-8.99698435,135,128,0,5,148,306,32,88,10,171,480,9
Newmarket on Fergus,Clare Division,+52.76317352,-8.89911552,105,88,0,3,96,315,16,77,8,150,214,24
Newport Co Mayo,Mayo Division,+53.89016917,-9.54668972,52,74,0,2,105,213,18,31,10,123,118,11
Newport Co Tipperary,Tipperary Division,+52.71068795,-8.40628361,83,119,0,7,224,538,27,100,20,215,204,29
Newtowncunningham,Donegal Division,+54.99759493,-7.50779468,177,125,0,16,184,355,12,53,17,358,223,43
Newtownmountkennedy,Wicklow Division,+53.09689269,-6.1094458,188,145,0,14,662,728,41,184,47,440,257,31
Nobber,Meath Division,+53.82095589,-6.74664422,101,80,0,6,364,437,12,40,7,161,85,11
Oldcastle,Meath Division,+53.76927743,-7.16192981,197,140,2,13,270,505,38,56,16,283,258,18
Omeath,Louth Division,+54.08653598,-6.25630574,39,34,0,7,146,348,12,15,6,250,120,11
Oola,Limerick Division,+52.52998818,-8.25967971,21,25,0,1,63,98,8,29,6,58,19,3
Oughterard,Galway Division,+53.42735409,-9.32453867,82,51,0,0,120,267,16,22,1,149,112,16
Oulart,Wexford Division,+52.50333958,-6.39132982,84,69,0,3,192,263,18,26,9,136,60,6
Oylegate,Wexford Division,+52.42408499,-6.52961073,54,98,0,1,194,200,7,40,8,104,82,5
Pallasgreen,Limerick Division,+52.56874544,-8.33817527,51,56,1,3,128,273,28,52,7,140,84,9
Pallaskenry,Limerick Division,+52.64054705,-8.86653771,78,64,0,6,132,378,9,29,6,149,109,15
Partry,Mayo Division,+53.69867976,-9.27959393,36,72,0,0,87,175,9,3,6,64,52,3
Passage East,Waterford Division,+52.23917975,-6.97280987,23,41,1,3,94,197,3,42,7,80,44,1
Passage West,Cork City Division,+51.86518385,-8.33174357,256,113,0,4,182,565,21,128,12,563,345,40
Patrickswell,Limerick Division,+52.59574933,-8.71294599,136,120,2,12,291,691,33,43,15,320,146,28
Pearse Street,D.M.R. South Central Division,+53.34570251,-6.25627546,6094,1781,30,2314,7732,62793,3514,4597,1355,7169,32894,1807
Pettigo,Donegal Division,+54.54823145,-7.83487803,21,6,0,0,29,55,3,6,1,33,31,2
Piltown,Kilkenny/Carlow Division,+52.34982337,-7.32547567,60,61,2,8,173,211,10,77,11,121,95,6
Portarlington,Laois/Offaly Division,+53.15916285,-7.18780055,476,399,4,42,946,1742,110,415,83,931,841,111
Portlaoise,Laois/Offaly Division,+53.03165180,-7.30307897,1449,1345,8,126,1918,6616,450,2066,176,2738,3384,812
Portlaw,Waterford Division,+52.28626025,-7.31760481,109,66,2,6,108,213,8,94,12,194,169,9
Portmagee,Kerry Division,+51.88515908,-10.36177287,39,31,0,0,21,63,3,17,0,61,41,14
Portroe,Tipperary Division,+52.88190621,-8.35367667,20,28,0,0,66,115,2,36,2,39,68,0
Portumna,Galway Division,+53.09000981,-8.22042379,106,79,0,4,222,481,31,43,8,194,184,22
Raheny,D.M.R. Northern Division,+53.37898567,-6.17798495,603,560,4,404,2179,4470,290,943,193,2706,1924,212
Ramelton,Donegal Division,+55.03665206,-7.65072118,111,98,1,1,43,129,14,30,13,138,175,7
Raphoe,Donegal Division,+54.87440272,-7.59436744,340,119,4,12,217,394,31,29,17,394,277,20
Rathangan,Kildare Division,+53.22212171,-6.99754565,218,56,1,10,353,660,18,37,15,352,259,12
Rathcoole,D.M.R. Western Division,+53.28179292,-6.46471582,304,444,3,137,1415,3598,155,245,75,1194,732,56
Rathcormac Co Cork,Cork North Division,+52.07608200,-8.28432755,70,147,0,3,149,306,36,169,19,146,173,19
Rathdowney,Laois/Offaly Division,+52.85671581,-7.59783474,114,86,0,5,236,319,17,33,9,169,195,8
Rathdrum,Wicklow Division,+52.93099547,-6.22650686,161,142,0,21,449,1036,29,161,40,456,251,19
Rathfarnham,D.M.R. Southern Division,+53.29738741,-6.28815433,1323,1296,13,487,5681,11222,648,2930,279,5464,5129,494
Rathgormack,Waterford Division,+52.30745435,-7.50376703,35,24,0,0,69,128,4,9,2,69,19,2
Rathkeale,Limerick Division,+52.52336863,-8.93903035,258,226,2,10,413,600,46,70,41,485,476,103
Rathmines,D.M.R. Southern Division,+53.32131773,-6.2670105,999,608,10,349,3999,9706,572,1763,178,3876,3860,260
Rathmore Co Kerry,Kerry Division,+52.08427376,-9.21423042,89,126,0,0,153,252,15,44,6,146,185,5
Rathmullen,Donegal Division,+55.09580023,-7.53255706,45,27,0,1,17,52,4,10,5,93,111,4
Rathvilly,Kilkenny/Carlow Division,+52.88043014,-6.69536716,45,33,1,3,144,123,6,42,7,149,58,5
Rhode,Laois/Offaly Division,+53.35109318,-7.19483213,84,47,1,1,195,241,18,51,8,110,91,6
Riverstown,Sligo/Leitrim Division,+54.12957140,-8.40000196,42,80,0,2,120,192,23,21,4,80,107,16
Robertstown,Kildare Division,+53.27022230,-6.81638937,227,149,1,33,538,711,23,162,31,421,198,59
Rochfortbridge,Westmeath Division,+53.41327954,-7.30183072,95,108,0,9,234,373,27,52,16,167,328,15
Rockcorry,Cavan/Monaghan Division,+54.12016197,-7.00937231,28,29,1,0,40,75,2,14,4,30,39,4
Ronanstown,D.M.R. Western Division,+53.33789510,-6.40602491,1661,1126,15,484,2622,12238,449,3466,703,5594,3563,2021
Roosky,Roscommon/Longford Division,+53.83286440,-7.92282881,47,63,1,1,164,227,8,16,5,83,73,9
Ros Muc,Galway Division,+53.38636883,-9.6099089,26,11,0,0,18,37,2,2,3,27,21,1
Roscommon,Roscommon/Longford Division,+53.62983856,-8.19358244,602,586,0,16,604,1809,196,238,46,742,1523,182
Roscrea,Tipperary Division,+52.95615895,-7.7987797,288,343,1,12,543,928,118,276,82,401,1217,110
Rosscarbery,Cork West Division,+51.57756682,-9.03150268,56,83,0,1,93,228,10,53,3,128,105,8
Rosses Point,Sligo/Leitrim Division,+54.30536627,-8.54654882,24,54,0,3,48,157,7,20,6,52,26,1
Rosslare Harbour,Wexford Division,+52.24875319,-6.33410666,146,111,1,1,328,463,81,101,15,298,211,68
Rosslare Strand,Wexford Division,+52.26965328,-6.38484633,121,84,1,5,330,392,31,55,16,219,141,18
Roundwood,Wicklow Division,+53.06304538,-6.2246801,95,73,0,6,244,943,19,278,22,312,69,6
Roxboro Road,Limerick Division,+52.65078170,-8.6149767,2371,1624,20,381,4042,13351,731,2637,665,9183,5438,1502
Santry,D.M.R. Northern Division,+53.38972961,-6.25163445,1454,1628,12,760,4140,12347,687,1219,283,5041,3985,344
Scariff,Clare Division,+52.90682988,-8.53477049,125,108,0,4,203,397,6,75,15,186,158,20
Schull,Cork West Division,+51.52871616,-9.54135767,105,49,0,1,47,244,18,39,2,207,131,5
Scotstown,Cavan/Monaghan Division,+54.28027061,-7.06362846,126,88,0,2,60,128,6,11,7,116,92,56
Shankill,D.M.R. Eastern Division,+53.23352847,-6.12101107,965,511,11,249,2292,4424,197,1036,185,3489,2429,214
Shannon,Clare Division,+52.70789255,-8.87722145,721,545,1,55,447,2084,221,693,109,1465,2076,140
Shercock,Cavan/Monaghan Division,+53.99219702,-6.90079134,87,75,0,2,95,147,16,19,7,75,108,11
Shevry,Tipperary Division,+52.68693583,-8.04713554,3,20,0,0,44,36,6,7,2,6,30,0
Shillelagh,Wicklow Division,+52.75456710,-6.53750799,62,43,0,3,200,264,2,20,6,83,27,0
Shinrone,Laois/Offaly Division,+52.98467874,-7.93413735,37,34,0,1,95,135,10,16,6,92,146,3
Shrule,Mayo Division,+53.51985003,-9.08762162,27,44,1,0,43,64,8,10,1,46,39,1
Sixmilebridge,Clare Division,+52.74009966,-8.7779423,102,143,3,2,298,558,21,128,19,257,274,32
Skerries,D.M.R. Northern Division,+53.57959331,-6.10695694,347,260,2,57,744,1383,75,154,33,1031,675,53
Skibbereen,Cork West Division,+51.54858782,-9.26413329,323,204,2,12,214,676,115,179,22,543,960,94
Skreen,Sligo/Leitrim Division,+54.24460363,-8.72040004,15,21,0,1,44,72,3,4,1,32,13,5
Slane,Meath Division,+53.70968231,-6.54751101,93,85,2,4,444,733,15,214,6,263,176,25
Sligo,Sligo/Leitrim Division,+54.26925474,-8.4712633,1846,1282,9,133,1953,6878,680,1778,396,5764,6146,770
Smear,Roscommon/Longford Division,+53.86056338,-7.60168345,40,30,0,1,76,90,5,4,1,43,57,5
Sneem,Kerry Division,+51.83891030,-9.90395699,35,35,0,0,36,94,10,38,4,39,42,3
Sraith Salach,Galway Division,+53.46531899,-9.72143737,4,24,0,0,17,45,2,5,2,21,12,4
Stoneyford,Kilkenny/Carlow Division,+52.53638426,-7.22858224,21,43,0,1,83,130,36,15,2,60,36,4
Store Street,D.M.R. North Central Division,+53.35045123,-6.2522519,3611,1608,30,1664,3914,63008,2535,6473,1573,7472,27728,2131
Stradbally Co Laois,Laois/Offaly Division,+53.01767407,-7.1515997,84,138,1,14,287,686,29,2731,22,157,243,7
Strokestown,Roscommon/Longford Division,+53.78076292,-8.10381987,80,76,1,1,116,166,15,35,5,102,72,22
Stuake,Cork West Division,+51.99050978,-8.76036245,44,67,0,1,73,121,5,29,7,52,67,5
Summerhill,Meath Division,+53.48195919,-6.73343559,56,129,0,12,314,424,30,50,6,178,94,13
Sundrive Road,D.M.R. Southern Division,+53.33019448,-6.29872913,1152,843,4,486,3018,6024,304,2540,500,5019,2916,348
Swanlinbar,Cavan/Monaghan Division,+54.19610647,-7.70383867,24,22,0,0,45,67,3,1,1,37,36,4
Swinford,Mayo Division,+53.94063956,-8.9522079,216,150,5,5,161,405,35,54,13,366,572,43
Swords,D.M.R. Northern Division,+53.45601851,-6.22111842,1589,1718,19,334,3174,11455,750,3833,276,5028,5217,2232
Taghmon,Wexford Division,+52.32202784,-6.65172313,83,149,1,2,257,373,34,71,8,301,179,21
Tallaght,D.M.R. Southern Division,+53.28680514,-6.36784493,4225,3230,34,1386,10481,24317,1098,6785,1251,13711,10590,4139
Tallow,Waterford Division,+52.09370591,-8.00730354,48,57,1,0,105,123,5,31,7,72,77,19
Tarbert,Kerry Division,+52.57273636,-9.37542841,30,49,0,4,86,107,4,35,6,60,171,2
Tarelton,Cork West Division,+51.83852736,-8.99285284,24,46,0,1,45,188,9,40,3,48,21,2
Taughmaconnell,Roscommon/Longford Division,+53.40321768,-8.14104493,7,14,0,0,30,34,1,3,1,15,15,0
Templederry,Tipperary Division,+52.77414783,-8.07501146,10,5,0,1,12,19,0,0,2,6,9,0
Templemore,Tipperary Division,+52.79662883,-7.83508192,244,180,0,8,264,594,42,106,34,400,838,87
Templetuohy,Tipperary Division,+52.79029373,-7.72009724,29,28,1,0,45,74,1,2,5,29,95,1
Terenure,D.M.R. Southern Division,+53.30981355,-6.28803206,607,964,5,292,3208,6078,350,1446,182,3116,1789,184
Thomastown,Kilkenny/Carlow Division,+52.52895322,-7.14003832,149,149,1,3,169,474,101,156,30,263,405,26
Thurles,Tipperary Division,+52.67571574,-7.81189868,757,880,2,15,836,2319,221,757,119,1283,4772,381
Timoleague,Cork West Division,+51.64266521,-8.76624842,56,59,0,0,39,76,9,34,6,57,179,6
Tinahely,Wicklow Division,+52.79672529,-6.46928739,72,60,0,9,222,219,11,11,6,146,41,9
Tipperary,Tipperary Division,+52.47605442,-8.16289352,608,529,3,28,592,1585,130,514,124,1217,1917,204
Togher,Cork City Division,+51.87642925,-8.48629421,576,655,6,92,950,2794,192,1290,119,1923,2087,229
Toomevara,Tipperary Division,+52.84968245,-8.03650547,20,45,1,2,80,158,6,33,5,59,83,2
Tralee,Kerry Division,+52.26949061,-9.70883969,2106,1947,8,161,1666,6699,478,2193,351,2909,10167,1215
Tramore,Waterford Division,+52.16147427,-7.15340724,712,587,3,34,705,1699,98,882,98,1399,2572,117
Trim,Meath Division,+53.55311799,-6.78929711,486,608,1,43,1028,2015,241,402,89,1086,1318,323
Tuam,Galway Division,+53.51565887,-8.85588401,836,569,1,20,602,1524,169,294,66,1048,1818,342
Tubbercurry,Sligo/Leitrim Division,+54.05157000,-8.73426603,184,134,0,5,252,377,40,67,22,290,298,59
Tulla,Clare Division,+52.86538871,-8.75477505,82,58,0,4,130,223,16,47,14,103,87,6
Tullamore,Laois/Offaly Division,+53.27605318,-7.49491192,1266,1108,1,51,1645,4568,446,1165,269,2252,4438,747
Tullow,Kilkenny/Carlow Division,+52.80382917,-6.73339763,218,202,3,24,766,923,44,143,25,526,392,47
Tulsk,Roscommon/Longford Division,+53.77744435,-8.25182309,19,39,0,1,53,130,16,15,3,34,42,6
Urlingford,Kilkenny/Carlow Division,+52.72205385,-7.57983557,127,107,1,7,313,503,27,80,17,196,321,5
Virginia,Cavan/Monaghan Division,+53.83444090,-7.08193254,300,362,3,7,288,531,50,118,21,271,585,117
Watercourse Road,Cork City Division,+51.90713286,-8.47450731,1916,1330,10,457,1786,7752,350,2184,343,5826,6188,401
Waterford,Waterford Division,+52.26018787,-7.11367351,4030,2433,18,593,5866,18095,1005,6134,879,8676,15980,3413
Watergrasshill,Cork North Division,+52.01344230,-8.34202882,38,86,1,0,116,216,20,60,4,81,50,10
Westport,Mayo Division,+53.79906589,-9.51943053,655,512,3,18,683,1265,113,234,49,1015,2607,67
Wexford,Wexford Division,+52.33554520,-6.46199502,1174,1450,8,94,2322,6075,524,1877,228,3264,5108,745
Whitegate,Cork North Division,+51.82707313,-8.22781463,41,54,0,1,83,188,8,74,2,124,99,7
Wicklow,Wicklow Division,+52.98143612,-6.04263288,848,721,4,42,1242,2960,299,939,185,1546,2592,329
Williamstown,Galway Division,+53.67714316,-8.57841498,56,48,0,2,53,117,6,15,4,62,49,7
Woodford,Galway Division,+53.04760662,-8.40013594,17,35,0,0,48,75,7,8,2,35,44,0
Youghal,Cork North Division,+51.94806563,-7.84275015,457,351,0,15,506,1332,132,502,47,1183,1261,131